<?xml version="1.0" encoding="utf-8"?>
<extension version="3.1" type="plugin" group="system">
	<name>plg_system_xcrud</name>
	<author>f0ska</author>
	<creationDate>2014</creationDate>
	<copyright></copyright>
	<license></license>
	<authorEmail></authorEmail>
	<authorUrl>http://codecanyon.net/item/xcrud-data-management-system-php-crud/3215400</authorUrl>
	<version>3.0.0</version>
	<description>This plugin helps you to use xCRUD in your joomla project</description>
	<files>
		<filename plugin="xcrud">xcrud.php</filename>
		<filename>index.html</filename>
        <folder>xcrud</folder>
	</files>
	<config>
		<fields name="params">
			<fieldset name="basic">
				<!--<field name="path" type="text"
					description="PLG_SEF_DOMAIN_DESCRIPTION"
					label="PLG_SEF_DOMAIN_LABEL"
					filter="url"
					validate="url"
				/>-->
			</fieldset>
		</fields>
	</config>
</extension>
